Transaction ID,Date,Time,Amount,Merchant,Card Number,Transaction Type
1,2023-01-01,18:57:48,936.6804910819219,Target,2451,purchase
2,2023-01-02,12:06:07,722.4618398138985,Walmart,5505,refund
3,2023-01-03,11:50:13,33.86843321879818,Walmart,1128,refund
4,2023-01-04,12:44:51,426.51999914930735,Amazon,7267,purchase
5,2023-01-05,05:54:03,94.80057413456835,Amazon,3471,purchase
6,2023-01-06,11:39:53,978.5689981126433,Target,1386,purchase
7,2023-01-07,23:58:13,575.6372576647899,Amazon,2222,purchase
8,2023-01-08,15:17:06,644.034409344529,Best Buy,3947,purchase
9,2023-01-09,22:21:11,365.0982217426798,Target,9973,refund
10,2023-01-10,22:29:26,668.0471739826065,Amazon,1884,refund
11,2023-01-11,13:30:00,572.271794489007,Amazon,8499,refund
12,2023-01-12,10:58:32,774.9087916097175,Best Buy,9048,refund
13,2023-01-13,14:37:00,900.2020288772765,Target,1656,refund
14,2023-01-14,22:16:26,404.9022197825053,Walmart,2214,refund
15,2023-01-15,04:44:49,895.4497688053644,Target,8560,refund
16,2023-01-16,08:57:10,66.01739896154169,Walmart,9219,refund
17,2023-01-17,05:16:23,685.7919036374499,Amazon,5998,refund
18,2023-01-18,22:54:17,231.8389808807118,Walmart,5650,purchase
19,2023-01-19,01:55:21,539.3296348917543,Target,3692,refund
20,2023-01-20,10:46:44,773.2619411936533,Amazon,8144,refund
21,2023-01-21,18:48:19,746.8377039122123,Walmart,4817,purchase
22,2023-01-22,19:36:48,721.7086800320639,Walmart,9591,refund
23,2023-01-23,10:26:59,483.40873095870876,Target,2980,refund
24,2023-01-24,02:11:17,194.8287928138962,Amazon,8717,purchase
25,2023-01-25,23:19:26,206.3607563182221,Amazon,5614,purchase
26,2023-01-26,00:31:11,535.9327885463142,Walmart,3874,purchase
27,2023-01-27,20:18:55,438.37643737296474,Walmart,2945,purchase
28,2023-01-28,00:41:36,975.0148224642683,Walmart,2612,purchase
29,2023-01-29,13:19:14,301.523101829082,Best Buy,5146,purchase
30,2023-01-30,06:51:15,79.89093947570964,Amazon,1177,refund
31,2023-01-31,08:52:01,727.1510878303001,Walmart,2436,refund
32,2023-02-01,00:13:17,975.448710271917,Walmart,3497,refund
33,2023-02-02,13:50:11,782.3072878486997,Amazon,4692,refund
34,2023-02-03,19:05:55,247.7981668433823,Best Buy,3439,refund
35,2023-02-04,22:26:22,37.52442464410014,Amazon,3736,refund
36,2023-02-05,22:44:17,407.5150094815349,Best Buy,5590,purchase
37,2023-02-06,14:34:49,877.8730376038653,Target,2174,refund
38,2023-02-07,23:31:05,432.5617905729292,Amazon,1782,purchase
39,2023-02-08,11:31:44,284.8020488682138,Amazon,9511,purchase
40,2023-02-09,13:51:06,935.3665839985617,Target,2877,refund
41,2023-02-10,23:23:32,772.4933175139723,Amazon,5660,purchase
42,2023-02-11,03:15:23,611.3755214186657,Target,1391,purchase
43,2023-02-12,12:11:30,3.674393962361922,Best Buy,4108,purchase
44,2023-02-13,04:53:11,931.5735286543996,Amazon,8878,refund
45,2023-02-14,16:09:06,674.1635058905766,Target,3452,refund
46,2023-02-15,16:28:20,225.2424714633088,Walmart,3598,purchase
47,2023-02-16,19:52:37,25.728326037174476,Best Buy,7532,refund
48,2023-02-17,05:33:26,8.460849427173933,Best Buy,1251,refund
49,2023-02-18,00:59:20,927.4751489825145,Walmart,9974,purchase
50,2023-02-19,17:08:33,693.4596502112535,Walmart,5839,refund
51,2023-02-20,12:37:24,705.4423930984407,Target,7159,purchase
52,2023-02-21,12:55:22,596.468925091076,Walmart,8640,refund
53,2023-02-22,05:45:37,537.6984188957473,Amazon,9846,refund
54,2023-02-23,07:57:27,456.1229822083138,Target,7026,purchase
55,2023-02-24,17:02:33,600.5930159736068,Best Buy,5854,purchase
56,2023-02-25,22:16:03,654.4278495549949,Amazon,8428,purchase
57,2023-02-26,03:22:14,373.66673748245256,Amazon,1564,refund
58,2023-02-27,16:48:55,668.5657389763278,Best Buy,4893,purchase
59,2023-02-28,13:18:03,457.42776242853245,Amazon,1835,refund
60,2023-03-01,23:55:07,85.98174250517424,Best Buy,4452,refund
61,2023-03-02,17:36:00,233.9405774274087,Best Buy,3236,refund
62,2023-03-03,14:23:31,82.29034701900122,Best Buy,3557,refund
63,2023-03-04,02:43:01,322.6953184295465,Best Buy,7679,purchase
64,2023-03-05,05:22:20,611.7160927774233,Target,7172,purchase
65,2023-03-06,07:34:17,368.2585472128371,Amazon,4649,purchase
66,2023-03-07,04:31:38,726.5009559123258,Walmart,2092,purchase
67,2023-03-08,03:26:12,678.3813508018005,Target,6156,refund
68,2023-03-09,01:13:40,145.54644832421405,Walmart,8509,purchase
69,2023-03-10,23:03:11,168.87447884661194,Target,7130,purchase
70,2023-03-11,17:14:39,65.3710098005102,Amazon,8743,refund
71,2023-03-12,22:11:00,265.06842519376426,Best Buy,2316,purchase
72,2023-03-13,01:56:52,349.0083963309344,Walmart,9043,purchase
73,2023-03-14,02:36:36,89.15999133276041,Target,7569,purchase
74,2023-03-15,01:05:18,602.6269477194495,Amazon,3961,refund
75,2023-03-16,02:35:59,714.6613645709342,Amazon,7431,purchase
76,2023-03-17,12:17:39,158.06487868716633,Target,9698,purchase
77,2023-03-18,06:31:22,342.79537509460926,Best Buy,6100,purchase
78,2023-03-19,04:12:07,727.5226564224527,Target,1178,refund
79,2023-03-20,10:20:37,663.6546062764545,Target,9976,refund
80,2023-03-21,22:08:21,854.6055680649341,Target,8964,purchase
81,2023-03-22,02:25:52,555.0487856054799,Best Buy,4199,purchase
82,2023-03-23,22:14:01,26.73070307005314,Walmart,9651,refund
83,2023-03-24,19:48:51,58.263303331644956,Target,1160,purchase
84,2023-03-25,14:03:44,80.98103224709322,Amazon,5569,purchase
85,2023-03-26,11:08:53,517.6201390519415,Walmart,5646,refund
86,2023-03-27,15:19:13,755.3510726044889,Amazon,9524,purchase
87,2023-03-28,17:25:56,33.241014917873585,Amazon,2174,purchase
88,2023-03-29,22:42:37,457.23090566529623,Target,7276,purchase
89,2023-03-30,23:25:55,824.9729079090322,Walmart,2426,purchase
90,2023-03-31,13:31:22,668.9372419381274,Target,1010,refund
91,2023-04-01,18:28:29,546.3716788714366,Amazon,9498,purchase
92,2023-04-02,23:59:44,589.2228978902203,Target,6085,purchase
93,2023-04-03,21:02:31,896.5835195225167,Best Buy,3771,refund
94,2023-04-04,21:18:13,575.502734633658,Best Buy,1003,purchase
95,2023-04-05,06:52:57,422.3974010656587,Target,8176,refund
96,2023-04-06,03:50:24,703.2487590769134,Target,8130,purchase
97,2023-04-07,00:40:18,357.8502166879988,Target,2618,purchase
98,2023-04-08,03:34:03,972.9388316090501,Target,8748,purchase
99,2023-04-09,21:52:58,872.4302073728129,Target,7506,refund
100,2023-04-10,10:03:43,157.49683787274122,Best Buy,8517,purchase
101,2023-04-11,17:06:10,684.4416025771789,Walmart,4107,refund
102,2023-04-12,01:48:41,35.036694539675786,Target,5666,purchase
103,2023-04-13,15:48:14,885.3220671104548,Walmart,5739,purchase
104,2023-04-14,20:44:19,845.0087300169066,Target,3246,purchase
105,2023-04-15,03:57:34,510.61787193399437,Walmart,8234,refund
106,2023-04-16,14:25:39,128.56095289913026,Best Buy,2719,purchase
107,2023-04-17,10:17:53,621.8515632016951,Amazon,7587,refund
108,2023-04-18,06:28:30,240.09766714559493,Walmart,6795,purchase
109,2023-04-19,08:49:45,631.240196001187,Best Buy,6379,refund
110,2023-04-20,17:56:10,694.0519667736546,Walmart,4058,purchase
111,2023-04-21,22:22:57,107.14865502426508,Best Buy,3882,purchase
112,2023-04-22,15:39:16,477.4689458104528,Amazon,6630,refund
113,2023-04-23,06:28:26,586.0077877540404,Best Buy,1583,purchase
114,2023-04-24,10:15:50,254.3720820446292,Target,4082,refund
115,2023-04-25,21:51:36,201.8092755800729,Target,6311,purchase
116,2023-04-26,21:55:28,638.2178937673593,Walmart,8547,purchase
117,2023-04-27,22:11:44,760.9828215395072,Target,6497,refund
118,2023-04-28,19:40:38,359.7515441278545,Target,9197,refund
119,2023-04-29,09:25:20,709.1886597956412,Amazon,8464,purchase
120,2023-04-30,21:58:48,587.787932715888,Target,9628,refund
121,2023-05-01,09:18:58,809.783788474098,Target,4521,purchase
122,2023-05-02,22:36:51,204.86798946879864,Walmart,1389,refund
123,2023-05-03,02:18:06,796.6003685939637,Target,9424,purchase
124,2023-05-04,05:12:08,267.1414943187649,Target,2610,purchase
125,2023-05-05,03:47:20,298.966156468211,Best Buy,9530,purchase
126,2023-05-06,19:03:47,978.1940014139744,Best Buy,3492,refund
127,2023-05-07,12:41:03,46.96756316586914,Walmart,7463,refund
128,2023-05-08,01:05:12,190.56386290955194,Walmart,7779,refund
129,2023-05-09,14:03:06,521.3539203564205,Walmart,9489,refund
130,2023-05-10,20:02:10,376.61827661395256,Target,6661,refund
131,2023-05-11,06:02:32,242.85760857757006,Target,3748,purchase
132,2023-05-12,16:35:15,684.8681864081764,Target,5916,refund
133,2023-05-13,02:13:17,669.5677268065651,Target,5633,refund
134,2023-05-14,14:43:26,963.7772540536373,Target,1659,refund
135,2023-05-15,11:20:00,878.7217745435609,Target,9032,refund
136,2023-05-16,04:20:20,997.4386914303863,Best Buy,9795,refund
137,2023-05-17,19:33:01,363.52510874629127,Walmart,4226,refund
138,2023-05-18,15:04:28,46.18925559464118,Walmart,8736,refund
139,2023-05-19,19:11:09,325.9715108418525,Target,8480,refund
140,2023-05-20,19:01:13,497.4178338593107,Amazon,4868,refund
141,2023-05-21,11:48:32,173.02351171186618,Best Buy,4031,refund
142,2023-05-22,05:26:48,85.9909989586575,Walmart,9658,refund
143,2023-05-23,19:35:57,453.27613022865165,Best Buy,1961,purchase
144,2023-05-24,04:49:00,932.7328660123572,Target,7741,purchase
145,2023-05-25,00:31:53,763.4018425347396,Best Buy,4362,refund
146,2023-05-26,14:28:06,312.17458242382895,Walmart,9797,refund
147,2023-05-27,03:43:49,888.7268795522136,Best Buy,6869,purchase
148,2023-05-28,03:51:47,697.5770183268468,Best Buy,3018,refund
149,2023-05-29,09:51:29,463.88067273976907,Amazon,4867,refund
150,2023-05-30,02:48:08,265.3549101600334,Best Buy,1391,purchase
151,2023-05-31,04:19:48,575.9583544220836,Walmart,9140,purchase
152,2023-06-01,10:39:55,195.7061028229288,Walmart,8517,purchase
153,2023-06-02,16:42:35,741.4904342442754,Walmart,4748,refund
154,2023-06-03,10:36:54,936.9909519787077,Walmart,5262,refund
155,2023-06-04,00:07:49,659.6085985615603,Target,9284,purchase
156,2023-06-05,12:01:35,725.2690999491704,Amazon,7359,refund
157,2023-06-06,20:37:33,165.32392328207837,Target,4988,refund
158,2023-06-07,09:34:48,748.4757443057028,Walmart,1781,refund
159,2023-06-08,10:34:00,497.85948249329016,Best Buy,5205,refund
160,2023-06-09,04:42:55,88.29530714716314,Walmart,4561,refund
161,2023-06-10,04:25:12,387.0609588817296,Walmart,5154,purchase
162,2023-06-11,07:48:06,729.7186659719019,Amazon,3609,purchase
163,2023-06-12,22:48:47,578.6321387927946,Amazon,5369,purchase
164,2023-06-13,04:11:55,307.0762685462834,Best Buy,9497,purchase
165,2023-06-14,22:13:03,988.7602540895848,Target,4001,purchase
166,2023-06-15,14:36:13,574.4578077886903,Walmart,5810,purchase
167,2023-06-16,17:50:23,945.004243043524,Amazon,3906,purchase
168,2023-06-17,03:04:12,560.2144570634421,Best Buy,8437,purchase
169,2023-06-18,04:22:21,565.1018690577199,Walmart,5961,purchase
170,2023-06-19,15:56:08,52.11926735386998,Target,3541,refund
171,2023-06-20,12:13:06,104.97468759931922,Target,7401,purchase
172,2023-06-21,01:25:03,614.8236250432933,Amazon,6600,refund
173,2023-06-22,09:44:10,731.9020795736309,Target,1838,refund
174,2023-06-23,00:29:00,244.78839552788938,Best Buy,4362,purchase
175,2023-06-24,15:21:10,964.0117501418064,Amazon,7702,purchase
176,2023-06-25,03:29:39,741.4968360562129,Walmart,7490,purchase
177,2023-06-26,19:49:42,238.77326621298855,Amazon,9849,purchase
178,2023-06-27,13:16:45,644.7758610910271,Best Buy,6388,refund
179,2023-06-28,05:36:05,340.4166231433969,Best Buy,7000,purchase
180,2023-06-29,00:46:15,727.7532593580574,Target,5023,refund
181,2023-06-30,23:28:43,585.0079843112344,Walmart,7809,purchase
182,2023-07-01,08:32:32,756.8970635920942,Best Buy,9508,purchase
183,2023-07-02,22:04:24,252.21232420123485,Target,1998,refund
184,2023-07-03,19:58:12,932.3630133329626,Walmart,8268,purchase
185,2023-07-04,09:25:30,993.0083131636438,Walmart,8782,refund
186,2023-07-05,12:59:34,165.36818693627603,Best Buy,8895,refund
187,2023-07-06,07:57:31,513.3924177381662,Walmart,7735,refund
188,2023-07-07,17:28:05,863.6127422685554,Walmart,6383,refund
189,2023-07-08,04:26:37,348.3502906768256,Target,6954,refund
190,2023-07-09,18:06:20,243.3946892842973,Amazon,2300,refund
191,2023-07-10,20:41:38,731.3341439652294,Walmart,9669,refund
192,2023-07-11,17:30:03,977.5403053874458,Target,1288,refund
193,2023-07-12,23:52:51,504.2440709390324,Target,4475,purchase
194,2023-07-13,09:26:49,393.03813818575117,Target,7124,refund
195,2023-07-14,12:07:51,392.54093257370215,Best Buy,4052,refund
196,2023-07-15,19:25:39,794.7119525923147,Best Buy,4606,purchase
197,2023-07-16,04:53:02,706.3549462068466,Amazon,1086,refund
198,2023-07-17,08:17:24,319.5984091076618,Best Buy,3540,refund
199,2023-07-18,23:35:17,974.6140674888759,Target,7373,refund
200,2023-07-19,10:40:29,891.6889064874504,Target,7716,refund
201,2023-07-20,22:37:55,701.2271354765853,Amazon,7818,refund
202,2023-07-21,21:12:03,441.336415411235,Target,9765,purchase
203,2023-07-22,22:58:47,208.08868417576562,Best Buy,2062,refund
204,2023-07-23,16:53:29,665.2997374434299,Target,6084,purchase
205,2023-07-24,00:35:21,754.1361761819752,Amazon,9880,refund
206,2023-07-25,12:35:53,604.4734694179778,Amazon,5514,purchase
207,2023-07-26,01:04:46,496.12116359087645,Amazon,1145,refund
208,2023-07-27,11:34:50,118.92352313005273,Walmart,7708,purchase
209,2023-07-28,22:25:48,784.9458387895268,Best Buy,9333,purchase
210,2023-07-29,20:58:43,492.09983574234604,Amazon,5113,purchase
211,2023-07-30,22:48:39,854.2607701645136,Walmart,4871,refund
212,2023-07-31,01:26:21,135.68382704395233,Best Buy,2557,purchase
213,2023-08-01,12:02:29,965.1242949523155,Walmart,5322,purchase
214,2023-08-02,21:16:18,491.70984007491023,Best Buy,8789,purchase
215,2023-08-03,11:55:14,73.27801805074115,Best Buy,1943,refund
216,2023-08-04,19:39:04,280.8336345575314,Best Buy,2190,purchase
217,2023-08-05,19:55:13,902.6776268935125,Amazon,2183,purchase
218,2023-08-06,17:42:00,334.6839306825614,Best Buy,2860,refund
219,2023-08-07,19:33:19,970.108024688227,Walmart,3469,purchase
220,2023-08-08,13:09:54,444.67728784535757,Target,5675,refund
221,2023-08-09,20:32:05,367.67919819659556,Target,3069,refund
222,2023-08-10,00:14:54,789.9798441086874,Best Buy,3197,refund
223,2023-08-11,17:36:53,467.652287761668,Amazon,3370,purchase
224,2023-08-12,13:23:28,76.49099563030741,Best Buy,5325,refund
225,2023-08-13,08:22:22,829.012065297882,Walmart,7074,purchase
226,2023-08-14,09:08:24,790.6718273943238,Target,6024,refund
227,2023-08-15,07:26:53,515.4779215961496,Walmart,3659,purchase
228,2023-08-16,10:50:41,10.673633668263133,Walmart,7742,refund
229,2023-08-17,16:33:21,137.22065034670715,Target,7405,purchase
230,2023-08-18,22:00:24,712.2785861016408,Amazon,4721,purchase
231,2023-08-19,19:09:15,591.2666923729792,Walmart,7262,refund
232,2023-08-20,22:48:08,700.3444570144194,Target,5417,purchase
233,2023-08-21,01:40:04,361.5735381615038,Amazon,7845,purchase
234,2023-08-22,09:53:40,629.7473315160546,Walmart,5331,purchase
235,2023-08-23,11:48:41,435.39180978105594,Walmart,5229,refund
236,2023-08-24,23:58:59,414.3872191492783,Walmart,5292,refund
237,2023-08-25,15:53:11,415.61758522062735,Walmart,1019,refund
238,2023-08-26,16:04:12,33.02356316526756,Best Buy,3982,purchase
239,2023-08-27,22:24:35,61.9340117747923,Amazon,9181,refund
240,2023-08-28,06:11:42,849.4698445972509,Walmart,3807,refund
241,2023-08-29,23:14:57,695.8300144010507,Target,9845,refund
242,2023-08-30,14:35:13,231.18128993048288,Best Buy,9203,refund
243,2023-08-31,15:09:05,119.00857497310102,Target,6478,refund
244,2023-09-01,22:16:52,41.66955223287343,Target,9758,purchase
245,2023-09-02,05:49:49,480.22744620157704,Amazon,3344,refund
246,2023-09-03,00:42:42,588.3791580309271,Target,1515,refund
247,2023-09-04,06:16:37,898.0579802042796,Best Buy,9695,purchase
248,2023-09-05,07:04:44,920.3514825854721,Walmart,8869,refund
249,2023-09-06,21:51:49,366.87807532660935,Walmart,2154,purchase
250,2023-09-07,12:53:22,930.9086149935545,Target,2991,purchase
251,2023-09-08,03:13:25,546.2335609565039,Amazon,4886,refund
252,2023-09-09,18:11:23,574.5178036216047,Amazon,6234,refund
253,2023-09-10,16:57:53,179.45700271845857,Walmart,1721,purchase
254,2023-09-11,06:16:11,116.74559189103832,Walmart,4676,purchase
255,2023-09-12,15:05:55,245.13169639698557,Target,5686,refund
256,2023-09-13,09:13:21,125.16460499705383,Amazon,4512,purchase
257,2023-09-14,21:50:33,224.0683779845938,Target,7662,purchase
258,2023-09-15,23:09:09,540.2735643861076,Walmart,9781,purchase
259,2023-09-16,12:28:09,868.3867290933202,Walmart,2339,purchase
260,2023-09-17,23:27:46,795.1927984524289,Target,3415,purchase
261,2023-09-18,22:10:35,33.32387632823821,Amazon,8883,purchase
262,2023-09-19,22:50:49,698.8588523209385,Walmart,1934,purchase
263,2023-09-20,23:45:32,47.744996323951796,Walmart,4206,purchase
264,2023-09-21,04:32:43,998.0274607124492,Amazon,2907,purchase
265,2023-09-22,06:53:05,784.3302359435734,Walmart,7854,refund
266,2023-09-23,15:31:53,232.15039778118484,Amazon,5928,refund
267,2023-09-24,17:36:58,490.6201547205327,Amazon,1323,purchase
268,2023-09-25,10:12:16,744.357129721935,Walmart,4141,purchase
269,2023-09-26,18:29:36,839.9667176900999,Target,9559,refund
270,2023-09-27,19:56:26,229.6285328089577,Walmart,1061,refund
271,2023-09-28,15:58:28,134.81494181229087,Walmart,6435,purchase
272,2023-09-29,02:08:24,931.1455159745881,Walmart,1208,refund
273,2023-09-30,20:05:08,671.0908942887893,Best Buy,9665,purchase
274,2023-10-01,11:42:59,876.4086063665393,Walmart,9697,purchase
275,2023-10-02,07:11:47,233.15077114715783,Target,5062,purchase
276,2023-10-03,12:33:12,129.56791736354234,Target,8371,purchase
277,2023-10-04,02:32:24,350.9748604073067,Target,8144,refund
278,2023-10-05,07:42:21,253.44723451901226,Amazon,5385,purchase
279,2023-10-06,17:22:31,73.68133056094493,Best Buy,2305,purchase
280,2023-10-07,00:36:35,644.8346240219474,Best Buy,5788,refund
281,2023-10-08,01:18:00,251.96074954174208,Target,5784,purchase
282,2023-10-09,15:29:11,450.7742447602961,Best Buy,6748,purchase
283,2023-10-10,07:08:07,289.0122528160215,Amazon,6672,purchase
284,2023-10-11,14:30:37,921.2710162106008,Walmart,1946,purchase
285,2023-10-12,10:33:28,450.7589549136663,Target,3750,refund
286,2023-10-13,02:48:20,879.9768305441971,Best Buy,4371,purchase
287,2023-10-14,16:45:43,44.97234593090008,Target,6751,purchase
288,2023-10-15,22:25:04,536.2661177546823,Target,8978,refund
289,2023-10-16,12:08:43,453.2777659302932,Target,7626,purchase
290,2023-10-17,15:03:00,326.7915746555929,Target,8910,purchase
291,2023-10-18,16:00:25,300.889268556598,Walmart,6269,purchase
292,2023-10-19,12:44:16,267.5213698870381,Target,9084,refund
293,2023-10-20,21:33:02,200.33000394308908,Best Buy,8514,refund
294,2023-10-21,05:49:10,493.13980024600573,Best Buy,5515,refund
295,2023-10-22,02:38:20,345.79263326413525,Amazon,9091,purchase
296,2023-10-23,14:35:48,331.26992915002006,Amazon,3691,refund
297,2023-10-24,12:56:54,67.14096529310127,Best Buy,4033,refund
298,2023-10-25,06:30:18,14.851181257480262,Target,8036,purchase
299,2023-10-26,13:49:07,911.7450990771435,Best Buy,1516,refund
300,2023-10-27,09:16:55,414.3446703840618,Amazon,5489,purchase
301,2023-10-28,03:23:52,677.367494790956,Target,6060,purchase
302,2023-10-29,04:42:37,452.9465660418562,Best Buy,7817,purchase
303,2023-10-30,16:00:00,201.4370330148829,Walmart,3993,purchase
304,2023-10-31,07:43:04,929.5457115131334,Best Buy,4095,purchase
305,2023-11-01,12:17:19,123.53932135126072,Amazon,2801,refund
306,2023-11-02,10:55:35,481.8938538170843,Best Buy,6959,purchase
307,2023-11-03,10:20:12,92.63636839570928,Target,9093,purchase
308,2023-11-04,14:29:01,230.046817885475,Best Buy,9341,purchase
309,2023-11-05,17:25:46,685.7295177750642,Amazon,2488,refund
310,2023-11-06,09:15:54,526.886126729427,Best Buy,1590,refund
311,2023-11-07,22:07:48,550.5044547670376,Target,3003,refund
312,2023-11-08,15:04:14,832.4066221878505,Best Buy,8717,refund
313,2023-11-09,02:06:41,61.71737814712821,Amazon,4674,purchase
314,2023-11-10,07:44:27,904.9218811731869,Walmart,4218,purchase
315,2023-11-11,03:04:19,651.5763350065323,Best Buy,4562,purchase
316,2023-11-12,18:24:35,641.2664186572671,Best Buy,1331,refund
317,2023-11-13,05:54:26,31.177992021020803,Amazon,5473,purchase
318,2023-11-14,01:30:10,910.1625441813925,Amazon,8966,purchase
319,2023-11-15,13:31:31,28.954009168199928,Best Buy,6142,purchase
320,2023-11-16,13:33:18,186.2625219576932,Amazon,3324,refund
321,2023-11-17,22:52:37,896.0152808935686,Amazon,9809,refund
322,2023-11-18,19:17:14,127.60094357129061,Target,6199,purchase
323,2023-11-19,05:03:51,398.5901692985366,Best Buy,6537,refund
324,2023-11-20,02:42:04,760.2891521611779,Best Buy,4405,refund
325,2023-11-21,06:28:34,563.384494489605,Walmart,8217,purchase
326,2023-11-22,18:27:57,730.7475741517329,Walmart,3794,refund
327,2023-11-23,07:37:59,193.6532539168052,Amazon,9807,purchase
328,2023-11-24,06:57:05,412.6403909901265,Amazon,2324,refund
329,2023-11-25,03:13:10,498.8897096426526,Best Buy,8916,refund
330,2023-11-26,15:12:42,244.37990113623775,Walmart,9810,refund
331,2023-11-27,21:20:53,997.9196069111069,Best Buy,7401,purchase
332,2023-11-28,20:42:24,671.444458797867,Best Buy,6376,refund
333,2023-11-29,08:50:38,883.8956572328752,Best Buy,3970,purchase
334,2023-11-30,05:08:11,393.5738080826013,Walmart,1478,purchase
335,2023-12-01,04:04:32,924.914976525091,Best Buy,5010,refund
336,2023-12-02,23:56:19,252.37512946913012,Walmart,1853,refund
337,2023-12-03,03:17:14,158.72598639034175,Walmart,9047,purchase
338,2023-12-04,23:01:05,787.0731672879834,Amazon,9786,refund
339,2023-12-05,17:22:50,973.0436161245867,Best Buy,4548,purchase
340,2023-12-06,20:32:09,62.9737847010555,Walmart,8742,purchase
341,2023-12-07,15:43:40,100.90267431848855,Amazon,8163,purchase
342,2023-12-08,23:15:25,318.57997147161933,Amazon,7833,refund
343,2023-12-09,13:19:53,526.4249876517312,Walmart,8359,refund
344,2023-12-10,18:43:18,704.5670226371873,Target,1615,refund
345,2023-12-11,18:27:19,955.594997997902,Amazon,8817,refund
346,2023-12-12,04:15:52,118.70191829567112,Walmart,7212,refund
347,2023-12-13,17:47:02,356.9586667169175,Amazon,3842,purchase
348,2023-12-14,03:58:17,267.01770443739275,Target,4892,purchase
349,2023-12-15,01:38:16,807.6111086729147,Best Buy,4179,refund
350,2023-12-16,03:20:03,164.39523597298904,Walmart,4229,purchase
351,2023-12-17,20:24:38,876.9627310195831,Best Buy,4969,purchase
352,2023-12-18,06:36:01,773.936695297161,Amazon,3575,purchase
353,2023-12-19,11:47:19,883.9348190834442,Target,4489,purchase
354,2023-12-20,22:44:18,969.1985867918147,Target,1672,refund
355,2023-12-21,14:31:20,573.8704939033192,Amazon,1765,refund
356,2023-12-22,10:09:49,458.9540220112926,Walmart,7885,refund
357,2023-12-23,23:30:31,485.5455028607937,Walmart,1197,purchase
358,2023-12-24,02:21:12,895.617421270639,Amazon,8670,refund
359,2023-12-25,18:29:24,209.47464617639872,Target,8738,refund
360,2023-12-26,09:50:28,375.97508139551104,Best Buy,5469,purchase
361,2023-12-27,17:20:44,641.4917987878082,Target,8047,purchase
362,2023-12-28,18:51:29,716.3166159058895,Target,7142,purchase
363,2023-12-29,02:08:54,57.315789956900055,Target,3974,refund
364,2023-12-30,07:53:56,978.1755819255478,Amazon,7569,purchase
365,2023-12-31,06:38:25,332.12047003451875,Best Buy,8176,purchase
366,2024-01-01,07:29:41,206.85747388413503,Target,4693,refund
367,2024-01-02,21:14:33,307.8657777982112,Amazon,4541,purchase
368,2024-01-03,12:37:43,984.787699997103,Walmart,6169,purchase
369,2024-01-04,18:29:49,668.9085795241049,Walmart,5468,refund
370,2024-01-05,05:22:41,246.032664108364,Target,3651,purchase
371,2024-01-06,06:04:35,201.89492187053693,Target,4248,purchase
372,2024-01-07,10:11:01,75.82027067986128,Best Buy,8641,refund
373,2024-01-08,00:44:39,363.85076463894,Target,7813,purchase
374,2024-01-09,21:18:43,823.9294071027612,Walmart,5679,refund
375,2024-01-10,19:34:46,276.14983843932185,Amazon,2562,purchase
376,2024-01-11,08:40:22,369.1224701077464,Amazon,4470,refund
377,2024-01-12,18:56:41,761.6752566923392,Best Buy,6246,purchase
378,2024-01-13,23:36:17,696.250911956373,Amazon,7280,purchase
379,2024-01-14,08:34:17,413.02111588542937,Best Buy,4111,purchase
380,2024-01-15,11:00:06,165.15499720804488,Target,8447,refund
381,2024-01-16,00:14:11,893.8789830934384,Amazon,4917,purchase
382,2024-01-17,01:23:48,575.4866490705209,Best Buy,9232,purchase
383,2024-01-18,05:36:17,257.5110486363922,Best Buy,1857,refund
384,2024-01-19,11:05:20,237.5532465862495,Target,9990,refund
385,2024-01-20,15:18:02,448.93728756399076,Walmart,2449,purchase
386,2024-01-21,20:38:25,403.7440346253637,Amazon,3896,purchase
387,2024-01-22,06:07:16,69.81157405717188,Target,2404,refund
388,2024-01-23,10:36:52,943.1992969283955,Amazon,3878,purchase
389,2024-01-24,22:47:12,787.1671896576651,Walmart,4915,refund
390,2024-01-25,09:38:55,497.0515806231105,Amazon,6959,refund
391,2024-01-26,22:56:10,327.5758228402125,Best Buy,6734,purchase
392,2024-01-27,00:23:04,182.29484398386478,Amazon,7587,refund
393,2024-01-28,22:03:23,167.1232804385802,Best Buy,9864,purchase
394,2024-01-29,18:13:19,241.2499052273972,Walmart,7985,purchase
395,2024-01-30,19:18:44,221.30777143350073,Best Buy,1753,purchase
396,2024-01-31,14:20:54,709.9908369832051,Target,9959,purchase
397,2024-02-01,17:25:29,769.8641289588246,Best Buy,7120,purchase
398,2024-02-02,14:37:48,364.1182829838465,Best Buy,3960,purchase
399,2024-02-03,05:17:35,160.23431343839104,Target,6671,refund
400,2024-02-04,12:54:59,645.0896055880212,Best Buy,1421,refund
401,2024-02-05,10:03:29,333.4981553960989,Best Buy,6626,purchase
402,2024-02-06,02:13:30,932.3169537902834,Target,8427,refund
403,2024-02-07,16:33:38,788.8722998070243,Best Buy,4555,purchase
404,2024-02-08,21:57:53,987.7706309257333,Best Buy,5611,purchase
405,2024-02-09,14:11:55,887.4756990215692,Amazon,5619,refund
406,2024-02-10,19:48:19,6.309725264814968,Amazon,2134,purchase
407,2024-02-11,05:22:20,61.27500836760745,Best Buy,4582,refund
408,2024-02-12,20:15:32,898.2940655933465,Target,7962,purchase
409,2024-02-13,14:45:21,119.81334041488455,Target,3816,purchase
410,2024-02-14,04:05:05,595.9880630434636,Amazon,5662,refund
411,2024-02-15,15:40:48,355.4663102736688,Target,8791,purchase
412,2024-02-16,07:01:14,34.737795614289205,Target,9903,purchase
413,2024-02-17,22:50:12,83.79329641904518,Amazon,2723,refund
414,2024-02-18,08:37:55,766.0666470832824,Walmart,4393,purchase
415,2024-02-19,14:47:31,842.5594141251636,Amazon,1482,refund
416,2024-02-20,19:41:22,363.8607379535741,Target,9120,refund
417,2024-02-21,06:30:17,247.52563086043662,Best Buy,8509,refund
418,2024-02-22,03:48:49,494.097013078747,Target,4665,purchase
419,2024-02-23,06:37:16,153.13082279105342,Best Buy,9855,refund
420,2024-02-24,15:35:32,617.3235696745165,Best Buy,3979,purchase
421,2024-02-25,19:20:58,739.7682641362396,Best Buy,6154,refund
422,2024-02-26,18:24:32,704.2616066756316,Walmart,1358,purchase
423,2024-02-27,07:27:52,932.1475588244122,Walmart,5553,refund
424,2024-02-28,23:18:11,602.1118414812081,Amazon,9856,purchase
425,2024-02-29,03:11:05,595.6022264561137,Walmart,2757,purchase
426,2024-03-01,22:01:25,737.2482521788245,Best Buy,3992,refund
427,2024-03-02,09:16:14,726.0579273666857,Target,3969,purchase
428,2024-03-03,05:08:24,279.8925702010812,Target,6572,purchase
429,2024-03-04,12:35:02,797.4566726535627,Best Buy,6870,refund
430,2024-03-05,16:15:03,904.5353181781722,Target,7182,refund
431,2024-03-06,04:23:55,779.6293233170504,Target,3254,refund
432,2024-03-07,02:09:48,849.5335790821003,Walmart,4145,purchase
433,2024-03-08,14:35:47,848.8728102979431,Best Buy,7066,refund
434,2024-03-09,06:46:44,248.3701756587973,Target,1028,purchase
435,2024-03-10,07:29:11,827.2239770445838,Target,2423,refund
436,2024-03-11,10:35:11,719.2621200158749,Target,4108,refund
437,2024-03-12,18:50:40,324.0421128595962,Best Buy,1647,refund
438,2024-03-13,03:18:29,675.0081348757402,Best Buy,6791,refund
439,2024-03-14,03:58:01,673.5173381944061,Amazon,8339,purchase
440,2024-03-15,05:06:27,802.5533983942421,Amazon,3844,refund
441,2024-03-16,16:55:35,1.0605080315024038,Target,9374,purchase
442,2024-03-17,16:49:25,647.5626472524564,Walmart,7262,refund
443,2024-03-18,03:48:24,673.2162739451975,Walmart,7826,purchase
444,2024-03-19,14:07:39,577.8357902648296,Best Buy,2439,refund
445,2024-03-20,02:42:54,777.6004810440764,Best Buy,7642,purchase
446,2024-03-21,20:28:48,144.38504017012679,Amazon,5932,refund
447,2024-03-22,20:17:44,302.00761584355996,Amazon,3624,purchase
448,2024-03-23,05:15:31,756.1116654220413,Best Buy,4985,purchase
449,2024-03-24,18:56:59,343.577873456305,Walmart,3116,purchase
450,2024-03-25,06:55:19,604.0457720641074,Amazon,7112,purchase
451,2024-03-26,22:29:52,621.7711976121869,Amazon,6328,purchase
452,2024-03-27,20:08:51,299.31504894006895,Target,4495,purchase
453,2024-03-28,08:02:34,461.4484836556048,Walmart,9702,refund
454,2024-03-29,19:55:12,685.1143565506474,Target,8334,refund
455,2024-03-30,10:56:06,773.8853847050052,Amazon,6558,purchase
456,2024-03-31,01:39:45,647.570754612042,Amazon,8932,refund
457,2024-04-01,10:21:32,386.3533269475297,Amazon,2639,refund
458,2024-04-02,20:59:37,32.54302347901908,Amazon,6117,refund
459,2024-04-03,15:33:06,901.106903707655,Best Buy,5224,refund
460,2024-04-04,02:53:33,10.365802526148359,Walmart,4500,purchase
461,2024-04-05,08:27:21,103.28756130139185,Walmart,8524,refund
462,2024-04-06,19:05:40,783.4909107457893,Walmart,2385,refund
463,2024-04-07,16:54:17,61.83133335150532,Walmart,5783,purchase
464,2024-04-08,00:01:33,885.9105430858623,Target,8728,refund
465,2024-04-09,22:00:49,898.2128581962426,Target,8590,purchase
466,2024-04-10,09:47:15,56.92545767221636,Target,2412,purchase
467,2024-04-11,10:09:06,951.0049043298969,Amazon,2787,purchase
468,2024-04-12,18:19:00,514.9480009620303,Best Buy,2009,purchase
469,2024-04-13,01:23:57,1.6908638304048969,Walmart,8207,refund
470,2024-04-14,07:09:45,523.841314230091,Best Buy,5317,purchase
471,2024-04-15,12:47:11,381.2147827395638,Walmart,5843,refund
472,2024-04-16,18:18:31,985.3744820753114,Walmart,5781,refund
473,2024-04-17,22:39:32,261.32766621376607,Target,3208,refund
474,2024-04-18,21:14:38,447.10019228346005,Amazon,5844,purchase
475,2024-04-19,04:41:21,95.60253385020275,Amazon,2199,refund
476,2024-04-20,15:46:58,876.7717595155931,Best Buy,4746,purchase
477,2024-04-21,06:35:57,38.49681570105939,Amazon,6418,refund
478,2024-04-22,02:40:30,771.4699401977015,Target,8370,purchase
479,2024-04-23,19:27:31,279.0504782232795,Walmart,9618,purchase
480,2024-04-24,19:07:06,139.9941513857349,Best Buy,4836,purchase
481,2024-04-25,09:32:10,701.7393108356757,Target,8631,purchase
482,2024-04-26,17:27:18,624.8729789289017,Walmart,4802,refund
483,2024-04-27,06:57:16,36.54622050771791,Amazon,2641,refund
484,2024-04-28,18:01:06,388.7809139287955,Best Buy,2576,purchase
485,2024-04-29,07:50:50,556.1233597674131,Best Buy,6695,refund
486,2024-04-30,04:28:00,357.0834490554494,Walmart,2068,purchase
487,2024-05-01,16:20:12,632.08680734663,Amazon,3941,refund
488,2024-05-02,15:35:11,463.12015573042163,Best Buy,8548,refund
489,2024-05-03,19:31:12,646.6828574100872,Amazon,7040,purchase
490,2024-05-04,00:57:46,609.9271792626305,Amazon,9019,refund
491,2024-05-05,05:40:27,201.74961094302662,Walmart,7093,purchase
492,2024-05-06,19:30:38,338.5030260720986,Target,6511,purchase
493,2024-05-07,10:40:06,303.9495676213326,Amazon,1501,refund
494,2024-05-08,11:17:01,980.4293875736641,Best Buy,9916,purchase
495,2024-05-09,13:26:13,244.65989683412994,Best Buy,4592,purchase
496,2024-05-10,19:44:30,231.07527941078635,Best Buy,1809,purchase
497,2024-05-11,13:07:53,58.413162366508104,Best Buy,6026,purchase
498,2024-05-12,10:51:18,948.4946608896464,Walmart,2198,refund
499,2024-05-13,00:49:47,476.527154901907,Amazon,9904,refund
500,2024-05-14,05:51:14,989.0431019478326,Walmart,2335,refund
501,2024-05-15,07:47:19,749.9517433473293,Target,2780,refund
502,2024-05-16,19:07:08,35.211663237199275,Amazon,7724,refund
503,2024-05-17,10:42:49,795.7498420113449,Amazon,1303,purchase
504,2024-05-18,03:05:00,908.8247073575865,Amazon,3567,refund
505,2024-05-19,11:28:14,736.0043455589806,Target,1248,refund
506,2024-05-20,07:10:19,266.66455759423957,Walmart,5181,refund
507,2024-05-21,02:18:12,146.29016780196127,Amazon,1019,purchase
508,2024-05-22,21:06:37,194.86403055813543,Amazon,4579,purchase
509,2024-05-23,11:14:04,992.893801573033,Best Buy,5453,refund
510,2024-05-24,20:22:10,500.5213809388588,Target,2366,refund
511,2024-05-25,05:35:29,996.5443255908164,Best Buy,3409,refund
512,2024-05-26,10:27:24,658.9454663195239,Best Buy,8957,refund
513,2024-05-27,23:48:48,930.497956318627,Walmart,8307,purchase
514,2024-05-28,11:52:09,643.7756928483991,Best Buy,5163,purchase
515,2024-05-29,11:36:48,247.33047637204174,Target,6021,refund
516,2024-05-30,00:36:13,315.7070786950779,Target,8493,refund
517,2024-05-31,20:48:10,903.0758767393736,Amazon,4823,refund
518,2024-06-01,01:54:34,922.171789539657,Walmart,3523,purchase
519,2024-06-02,23:04:59,638.2024587866514,Amazon,3721,refund
520,2024-06-03,17:09:21,98.79810252490248,Best Buy,6223,refund
521,2024-06-04,23:26:56,261.65014226289327,Amazon,3809,purchase
522,2024-06-05,00:45:57,178.7517529597489,Target,3099,purchase
523,2024-06-06,03:22:00,620.4335267750456,Target,4045,refund
524,2024-06-07,06:37:22,155.23521011583878,Best Buy,9658,refund
525,2024-06-08,19:19:43,441.4066521748736,Amazon,5403,refund
526,2024-06-09,23:19:31,552.8879090271702,Target,3477,refund
527,2024-06-10,14:34:22,228.64284300694513,Target,4421,purchase
528,2024-06-11,20:23:01,227.9294353831618,Walmart,9324,purchase
529,2024-06-12,12:11:04,267.6788560326197,Amazon,7008,refund
530,2024-06-13,18:04:54,897.1604243905432,Amazon,1490,purchase
531,2024-06-14,20:22:44,565.0625827825456,Walmart,1784,refund
532,2024-06-15,05:51:47,126.68534832453065,Target,2077,refund
533,2024-06-16,01:22:10,205.80640212897976,Walmart,3005,refund
534,2024-06-17,13:49:16,936.9078419600852,Walmart,1706,purchase
535,2024-06-18,15:55:08,373.73277809472387,Walmart,6524,purchase
536,2024-06-19,23:42:51,351.0366298998714,Target,5504,purchase
537,2024-06-20,05:36:05,470.52370430533557,Best Buy,8979,purchase
538,2024-06-21,21:55:57,394.76671291783714,Best Buy,9941,purchase
539,2024-06-22,00:01:40,338.94311050555797,Best Buy,4425,refund
540,2024-06-23,14:59:02,367.1134561775732,Walmart,7424,purchase
541,2024-06-24,20:42:53,866.5922108199021,Best Buy,4416,refund
542,2024-06-25,01:40:37,695.033376896382,Amazon,3408,refund
543,2024-06-26,15:12:59,18.750909841624154,Best Buy,8771,purchase
544,2024-06-27,07:00:47,958.1875707150408,Target,8485,purchase
545,2024-06-28,14:40:17,823.7483707746505,Walmart,9844,refund
546,2024-06-29,06:53:33,921.1385347108037,Walmart,5210,refund
547,2024-06-30,13:26:11,241.4552861992077,Best Buy,4372,refund
548,2024-07-01,13:09:14,688.7744671998313,Walmart,7537,refund
549,2024-07-02,15:34:22,976.7851933309295,Walmart,5469,purchase
550,2024-07-03,22:45:41,127.96001271650982,Walmart,8853,purchase
551,2024-07-04,06:22:37,746.9414295467052,Walmart,8303,refund
552,2024-07-05,10:47:50,243.28872317020966,Amazon,9814,refund
553,2024-07-06,08:17:29,510.51018086462597,Target,1400,refund
554,2024-07-07,19:05:27,253.2207254075433,Amazon,6298,refund
555,2024-07-08,11:51:01,649.382561940521,Best Buy,7951,refund
556,2024-07-09,11:20:31,687.9017041950402,Best Buy,2898,refund
557,2024-07-10,10:55:08,43.57331712662113,Walmart,8202,purchase
558,2024-07-11,00:56:58,549.6880218735323,Walmart,3219,refund
559,2024-07-12,20:38:34,643.5555774407575,Best Buy,2537,purchase
560,2024-07-13,08:48:59,570.8529871796695,Walmart,1354,purchase
561,2024-07-14,15:03:18,274.4038713804036,Amazon,8608,refund
562,2024-07-15,11:36:30,221.6034598263211,Walmart,8271,purchase
563,2024-07-16,23:38:45,154.4289299487659,Amazon,9745,refund
564,2024-07-17,06:01:14,760.1133676961699,Target,9502,purchase
565,2024-07-18,19:56:58,792.9256457460885,Amazon,8125,refund
566,2024-07-19,00:22:17,550.7873940634641,Best Buy,2711,refund
567,2024-07-20,10:05:15,532.7932969268792,Best Buy,6516,refund
568,2024-07-21,03:47:37,361.7453714765047,Best Buy,3255,purchase
569,2024-07-22,22:51:47,76.77424188880063,Amazon,6020,refund
570,2024-07-23,01:27:25,984.0462711361182,Target,7395,refund
571,2024-07-24,07:35:42,869.9782231423873,Best Buy,1053,purchase
572,2024-07-25,01:05:22,206.29362738332577,Walmart,8638,refund
573,2024-07-26,00:20:21,425.4277865056076,Amazon,8871,purchase
574,2024-07-27,12:59:38,652.8618320826913,Target,8515,purchase
575,2024-07-28,00:32:04,553.0932240152846,Amazon,2697,purchase
576,2024-07-29,15:38:57,251.94891640819836,Amazon,3094,purchase
577,2024-07-30,02:28:21,324.7282688821975,Target,4702,refund
578,2024-07-31,11:30:07,788.376447725515,Amazon,5949,purchase
579,2024-08-01,13:45:02,163.288279939163,Best Buy,8644,refund
580,2024-08-02,20:39:52,82.49952270126404,Target,1270,purchase
581,2024-08-03,05:34:59,513.6715315819198,Amazon,5530,purchase
582,2024-08-04,20:35:52,222.10842186569187,Walmart,9677,refund
583,2024-08-05,10:17:08,233.0841832118218,Target,3230,refund
584,2024-08-06,00:58:31,526.3907232820019,Walmart,6298,purchase
585,2024-08-07,21:14:00,499.03501514558195,Amazon,3953,refund
586,2024-08-08,18:23:29,928.0304054620474,Walmart,9872,refund
587,2024-08-09,09:38:26,503.94582873434683,Target,7899,refund
588,2024-08-10,12:38:38,197.1777705012858,Amazon,1922,purchase
589,2024-08-11,07:02:09,28.05115321640541,Target,4741,purchase
590,2024-08-12,20:13:59,85.09390418477811,Amazon,1638,purchase
591,2024-08-13,08:10:19,420.4377910673118,Best Buy,7410,refund
592,2024-08-14,12:07:27,517.604259046999,Best Buy,3347,refund
593,2024-08-15,08:47:29,646.8440994527725,Best Buy,8102,purchase
594,2024-08-16,15:07:09,471.73555791891033,Walmart,5321,purchase
595,2024-08-17,16:57:26,658.5410470840814,Walmart,5838,purchase
596,2024-08-18,11:53:18,1.7162426240283417,Best Buy,5883,purchase
597,2024-08-19,16:44:38,15.766145002812731,Target,5486,purchase
598,2024-08-20,08:02:40,802.9309208988296,Target,8173,purchase
599,2024-08-21,11:18:58,614.0884263704214,Amazon,4268,refund
600,2024-08-22,19:47:35,755.9822432956977,Target,2474,refund
601,2024-08-23,07:34:20,379.02496654549606,Target,5935,purchase
602,2024-08-24,07:43:42,601.3327527731806,Walmart,2239,refund
603,2024-08-25,02:58:58,469.7006784019458,Target,6812,refund
604,2024-08-26,08:58:28,725.5909130194459,Target,4450,refund
605,2024-08-27,03:35:10,98.56199352312424,Amazon,7806,purchase
606,2024-08-28,10:41:04,118.37410153444661,Best Buy,6673,refund
607,2024-08-29,00:56:44,813.4103225117502,Best Buy,5870,refund
608,2024-08-30,17:01:42,106.26713660689325,Walmart,9755,refund
609,2024-08-31,03:00:25,964.5463046794054,Walmart,1679,refund
610,2024-09-01,10:16:50,712.9268230997624,Amazon,4732,refund
611,2024-09-02,14:09:11,524.4704851717448,Walmart,7868,purchase
612,2024-09-03,09:50:59,886.2318971819643,Amazon,6208,purchase
613,2024-09-04,07:42:04,863.466787918759,Best Buy,7624,purchase
614,2024-09-05,19:59:33,775.6514249422546,Best Buy,6723,refund
615,2024-09-06,03:26:44,797.4955714083342,Amazon,9186,refund
616,2024-09-07,11:47:57,781.7090265923035,Best Buy,1868,refund
617,2024-09-08,20:55:12,570.1363359217169,Target,5246,purchase
618,2024-09-09,10:50:21,727.1241784774131,Target,8954,purchase
619,2024-09-10,02:49:54,457.6924747831257,Best Buy,4150,purchase
620,2024-09-11,21:05:55,802.4135618333125,Amazon,4591,refund
621,2024-09-12,12:06:09,743.7876895386927,Target,1523,purchase
622,2024-09-13,12:21:05,866.4252891878108,Target,6834,refund
623,2024-09-14,23:53:18,927.5623056196239,Best Buy,6434,refund
624,2024-09-15,02:17:46,14.62410998797099,Walmart,3598,refund
625,2024-09-16,10:46:15,480.9410041245885,Walmart,9128,purchase
626,2024-09-17,19:12:20,917.2348152773187,Best Buy,2058,refund
627,2024-09-18,19:06:56,170.76505081458862,Best Buy,9401,purchase
628,2024-09-19,01:26:02,40.18307797731884,Target,9116,purchase
629,2024-09-20,10:39:46,430.71547473554386,Amazon,9059,purchase
630,2024-09-21,09:30:02,431.8220714556758,Amazon,2703,purchase
631,2024-09-22,10:00:20,531.6639276436783,Target,1213,purchase
632,2024-09-23,01:47:28,471.17670662334496,Target,5889,refund
633,2024-09-24,13:04:02,698.2958259351458,Amazon,2405,purchase
634,2024-09-25,07:16:54,542.2805763893703,Walmart,7000,refund
635,2024-09-26,07:02:33,542.7981102914093,Walmart,3603,purchase
636,2024-09-27,02:03:46,667.5460353498202,Amazon,3725,purchase
637,2024-09-28,03:13:56,522.8677308631984,Best Buy,2497,purchase
638,2024-09-29,00:10:12,63.068674717672415,Best Buy,1708,refund
639,2024-09-30,19:22:02,811.4476406552687,Target,4764,purchase
640,2024-10-01,16:06:01,287.1670912363313,Walmart,1455,purchase
641,2024-10-02,11:48:26,901.7487855312864,Best Buy,6213,refund
642,2024-10-03,23:53:48,642.5914704762828,Best Buy,5119,refund
643,2024-10-04,15:14:48,764.1048552161437,Best Buy,9536,refund
644,2024-10-05,12:00:33,313.19847850794486,Amazon,7489,purchase
645,2024-10-06,07:30:45,156.94217726138132,Target,4312,purchase
646,2024-10-07,05:44:07,651.8155937217539,Target,5594,purchase
647,2024-10-08,02:32:00,337.74398108778155,Walmart,1353,refund
648,2024-10-09,16:19:06,430.80524254719523,Best Buy,6574,purchase
649,2024-10-10,20:44:10,849.4869987373464,Target,8744,refund
650,2024-10-11,18:13:55,23.309230235673287,Amazon,7936,refund
651,2024-10-12,15:42:17,794.5113689853113,Amazon,6190,purchase
652,2024-10-13,18:51:30,924.3677948135048,Amazon,4902,purchase
653,2024-10-14,15:17:40,506.7439607771567,Best Buy,2125,purchase
654,2024-10-15,12:43:10,145.03486729536272,Amazon,2561,refund
655,2024-10-16,18:06:20,396.83824728979937,Best Buy,5005,refund
656,2024-10-17,00:26:48,149.82589480752466,Target,5996,refund
657,2024-10-18,15:09:06,123.62207023791733,Amazon,9956,refund
658,2024-10-19,08:21:45,963.9490782467991,Best Buy,6887,purchase
659,2024-10-20,20:20:55,304.11784246250204,Walmart,4084,refund
660,2024-10-21,03:11:38,267.4135017541313,Target,3832,purchase
661,2024-10-22,22:04:43,771.3208033542381,Target,1013,refund
662,2024-10-23,08:26:00,528.7916725800773,Best Buy,2803,purchase
663,2024-10-24,03:18:42,873.1175819534853,Best Buy,3410,refund
664,2024-10-25,18:06:59,999.8539742169779,Target,6376,refund
665,2024-10-26,13:34:11,81.20455051245581,Best Buy,1408,purchase
666,2024-10-27,16:34:53,143.93534327135737,Amazon,3928,purchase
667,2024-10-28,22:45:20,943.1599499914813,Best Buy,7811,purchase
668,2024-10-29,16:32:10,212.09025692010488,Target,6336,purchase
669,2024-10-30,17:36:06,45.88485128461911,Amazon,8132,refund
670,2024-10-31,13:02:27,860.5017006637497,Best Buy,6887,refund
671,2024-11-01,12:04:09,74.50036778637428,Amazon,3681,refund
672,2024-11-02,14:28:35,961.8794160694533,Best Buy,9558,refund
673,2024-11-03,16:15:30,760.5188305958071,Target,7816,purchase
674,2024-11-04,00:34:58,405.0178980903682,Target,9126,refund
675,2024-11-05,10:28:54,66.05336224618505,Amazon,8997,refund
676,2024-11-06,18:46:44,711.902882093627,Target,1995,refund
677,2024-11-07,20:06:03,570.2643787206225,Target,5744,refund
678,2024-11-08,03:35:18,152.2342651827317,Amazon,9804,refund
679,2024-11-09,10:39:32,627.7137312543769,Amazon,7836,refund
680,2024-11-10,06:21:33,657.6437098967406,Target,7350,purchase
681,2024-11-11,21:38:49,945.4735311710353,Amazon,6860,purchase
682,2024-11-12,11:17:22,458.3773448123531,Amazon,2489,refund
683,2024-11-13,23:38:30,512.9758876829533,Best Buy,2368,purchase
684,2024-11-14,04:08:01,908.6297803686957,Walmart,3136,purchase
685,2024-11-15,10:12:21,247.15592006504576,Target,5195,purchase
686,2024-11-16,08:49:42,264.08317430522743,Target,9396,purchase
687,2024-11-17,16:59:45,930.180660361016,Best Buy,7484,refund
688,2024-11-18,18:16:42,374.0754455145864,Target,2110,purchase
689,2024-11-19,12:13:58,771.8604982913781,Target,6932,refund
690,2024-11-20,19:41:58,340.50319695247066,Target,5856,purchase
691,2024-11-21,11:32:54,218.90988474041689,Amazon,5303,refund
692,2024-11-22,12:36:27,309.51028937760054,Target,4104,refund
693,2024-11-23,17:27:14,507.4587602018606,Target,4405,purchase
694,2024-11-24,23:25:38,222.55926943079945,Walmart,9615,purchase
695,2024-11-25,07:45:06,730.2725021962907,Best Buy,9440,refund
696,2024-11-26,20:17:16,75.8465210699022,Best Buy,2470,refund
697,2024-11-27,02:26:59,553.761928147155,Amazon,9254,purchase
698,2024-11-28,01:14:45,577.0800684092607,Target,4684,refund
699,2024-11-29,15:58:45,316.35525059183726,Target,8142,refund
700,2024-11-30,09:44:11,45.4233756028308,Target,6050,refund
701,2024-12-01,18:08:43,512.7977498418059,Target,6730,refund
702,2024-12-02,03:08:46,64.76154059125335,Amazon,2389,purchase
703,2024-12-03,07:29:16,848.2149106938946,Walmart,5326,refund
704,2024-12-04,13:14:23,949.4205265895116,Best Buy,4503,refund
705,2024-12-05,13:41:12,265.69316974077697,Walmart,2945,purchase
706,2024-12-06,22:07:14,102.2726657977962,Target,2360,refund
707,2024-12-07,13:10:49,287.4391229409765,Walmart,4312,purchase
708,2024-12-08,10:07:24,197.44964102081272,Walmart,6903,purchase
709,2024-12-09,14:51:24,9.895094575465855,Best Buy,8669,purchase
710,2024-12-10,21:04:41,891.4100981998131,Walmart,2104,purchase
711,2024-12-11,03:11:17,789.2263133248533,Walmart,8914,purchase
712,2024-12-12,12:22:30,303.5753055231055,Walmart,9199,refund
713,2024-12-13,23:45:52,645.1821315177831,Amazon,7440,purchase
714,2024-12-14,07:15:52,970.4398859981785,Amazon,9742,refund
715,2024-12-15,20:14:22,785.7694773961317,Amazon,9045,purchase
716,2024-12-16,02:05:57,749.2240526760394,Walmart,3597,purchase
717,2024-12-17,21:28:05,608.0164821240047,Amazon,4926,purchase
718,2024-12-18,12:14:29,370.5707547900123,Walmart,5028,purchase
719,2024-12-19,22:38:41,585.0551511826377,Walmart,4322,refund
720,2024-12-20,03:26:23,158.12413894526412,Amazon,4835,purchase
721,2024-12-21,13:10:56,38.726333067949525,Target,4399,refund
722,2024-12-22,09:48:32,393.3597866349714,Walmart,2445,purchase
723,2024-12-23,13:08:32,154.9757218677724,Walmart,2951,purchase
724,2024-12-24,19:59:28,153.589599864923,Best Buy,5836,refund
725,2024-12-25,09:07:10,480.3503582118407,Amazon,3993,refund
726,2024-12-26,07:30:18,177.75854974721273,Best Buy,7453,refund
727,2024-12-27,16:36:28,200.67920140811322,Walmart,9807,purchase
728,2024-12-28,08:25:01,575.5638046346413,Best Buy,2810,purchase
729,2024-12-29,22:42:08,457.60576301818065,Walmart,1423,refund
730,2024-12-30,18:45:59,718.4009207679894,Best Buy,5354,refund
731,2024-12-31,20:31:18,463.58699999378354,Walmart,6810,refund
732,2025-01-01,05:13:41,307.9992585125283,Amazon,1616,purchase
733,2025-01-02,09:53:40,636.2319181111662,Best Buy,4687,purchase
734,2025-01-03,08:07:47,483.14514999290145,Best Buy,5705,refund
735,2025-01-04,13:41:19,977.6054332482782,Target,6123,refund
736,2025-01-05,04:21:48,248.51956452030845,Target,5533,refund
737,2025-01-06,12:26:25,675.3828106290813,Amazon,3008,refund
738,2025-01-07,09:39:50,987.3830807745775,Walmart,3239,refund
739,2025-01-08,07:08:55,926.0673773370213,Target,5465,purchase
740,2025-01-09,23:39:32,253.31448504676723,Amazon,1441,refund
741,2025-01-10,00:09:52,719.7496533415584,Amazon,7471,refund
742,2025-01-11,23:02:24,387.1519151732033,Walmart,6803,purchase
743,2025-01-12,05:36:23,759.7306064250296,Walmart,3629,purchase
744,2025-01-13,18:09:14,126.58158461107116,Best Buy,7568,refund
745,2025-01-14,18:07:56,973.1227015206343,Best Buy,6779,refund
746,2025-01-15,10:23:57,150.3490328976009,Amazon,4106,purchase
747,2025-01-16,03:10:08,699.8363811772058,Amazon,4044,refund
748,2025-01-17,02:48:16,346.16869265700404,Amazon,9798,refund
749,2025-01-18,11:47:21,187.75026249589172,Best Buy,1365,refund
750,2025-01-19,09:08:04,391.46351543405126,Target,6935,purchase
751,2025-01-20,16:08:05,971.3884365013921,Walmart,8032,purchase
752,2025-01-21,11:18:23,115.6525953154824,Amazon,9708,refund
753,2025-01-22,17:26:22,34.06061056465607,Best Buy,2444,purchase
754,2025-01-23,06:00:49,796.3209915864688,Best Buy,4644,refund
755,2025-01-24,16:27:33,820.1757129094451,Walmart,1468,refund
756,2025-01-25,10:06:01,486.30908155496036,Target,6821,refund
757,2025-01-26,12:39:08,960.9711070244401,Amazon,4534,purchase
758,2025-01-27,15:07:42,628.0892058222354,Walmart,2046,refund
759,2025-01-28,07:25:03,591.4068054435317,Best Buy,5940,purchase
760,2025-01-29,15:42:06,833.110470747023,Target,8865,purchase
761,2025-01-30,06:56:33,2.115068496457693,Amazon,8508,refund
762,2025-01-31,16:27:48,197.50314604247384,Best Buy,9596,purchase
763,2025-02-01,07:38:56,287.8544326748568,Best Buy,9773,purchase
764,2025-02-02,09:44:04,447.29001466989246,Walmart,5440,refund
765,2025-02-03,18:43:19,124.67189482556977,Best Buy,8371,purchase
766,2025-02-04,15:43:58,859.8648267335517,Amazon,8061,refund
767,2025-02-05,18:09:31,715.9065841958436,Best Buy,3300,purchase
768,2025-02-06,20:28:55,771.2256922209044,Walmart,9897,purchase
769,2025-02-07,10:57:01,92.02931304560408,Walmart,8791,refund
770,2025-02-08,11:35:50,501.9607718874626,Target,8979,refund
771,2025-02-09,09:37:38,120.60572371463111,Target,7365,purchase
772,2025-02-10,16:25:26,274.7665310899922,Best Buy,1566,purchase
773,2025-02-11,16:15:23,920.6270357459739,Best Buy,5952,purchase
774,2025-02-12,04:25:19,772.8550877401615,Best Buy,6754,purchase
775,2025-02-13,14:55:43,772.2847643788914,Target,5280,purchase
776,2025-02-14,09:16:34,753.3331746178557,Target,7420,refund
777,2025-02-15,04:07:39,405.2386770098626,Best Buy,5021,refund
778,2025-02-16,15:20:55,87.86839069121561,Target,5078,refund
779,2025-02-17,21:36:39,930.9461593819847,Walmart,2491,purchase
780,2025-02-18,07:02:54,694.6994947772655,Target,4575,refund
781,2025-02-19,18:47:54,778.4634857064144,Walmart,5118,refund
782,2025-02-20,08:36:50,791.822923279121,Best Buy,6605,refund
783,2025-02-21,06:26:43,823.5174085305139,Walmart,1569,refund
784,2025-02-22,11:03:09,382.95945962211204,Amazon,4739,purchase
785,2025-02-23,03:35:12,934.8464184929844,Best Buy,5590,refund
786,2025-02-24,10:21:25,470.1185523392218,Walmart,9435,purchase
787,2025-02-25,08:16:04,216.74360055429003,Walmart,8397,purchase
788,2025-02-26,20:36:05,515.110259108871,Target,2144,purchase
789,2025-02-27,07:41:01,644.3529431544125,Walmart,1956,purchase
790,2025-02-28,15:23:17,320.1002489015222,Target,7602,purchase
791,2025-03-01,08:10:59,107.69953507603259,Walmart,9967,purchase
792,2025-03-02,12:18:16,457.40813496669784,Walmart,1425,purchase
793,2025-03-03,01:56:48,488.3114716462544,Target,2313,refund
794,2025-03-04,05:02:09,771.6343178651559,Amazon,1120,refund
795,2025-03-05,08:18:13,73.35043434289491,Walmart,8756,refund
796,2025-03-06,07:30:04,670.7596776707783,Walmart,6679,purchase
797,2025-03-07,20:30:28,148.84176614935373,Best Buy,2410,purchase
798,2025-03-08,18:35:45,681.4337226775028,Target,1736,purchase
799,2025-03-09,19:35:33,342.6412147839395,Target,6080,purchase
800,2025-03-10,06:48:48,845.2409179437315,Amazon,6445,purchase
801,2025-03-11,14:51:18,456.9148849127545,Best Buy,3451,purchase
802,2025-03-12,12:39:20,234.47477628886895,Amazon,1471,purchase
803,2025-03-13,19:53:12,762.762184841172,Amazon,4694,purchase
804,2025-03-14,18:57:26,978.6758295962284,Walmart,8124,purchase
805,2025-03-15,23:37:02,634.0096107856798,Walmart,1058,purchase
806,2025-03-16,04:03:11,135.29363319132997,Target,4044,refund
807,2025-03-17,06:24:19,205.169378131062,Best Buy,2420,refund
808,2025-03-18,11:52:36,380.28180686354386,Target,6860,purchase
809,2025-03-19,20:09:14,497.08126649567504,Best Buy,3895,purchase
810,2025-03-20,23:29:14,21.121113963170774,Target,7565,refund
811,2025-03-21,09:08:11,482.22246792406816,Amazon,9310,purchase
812,2025-03-22,08:52:38,475.4099927750277,Amazon,5504,refund
813,2025-03-23,10:53:48,436.4471254462617,Amazon,2709,refund
814,2025-03-24,16:42:13,309.3491390994093,Walmart,9372,refund
815,2025-03-25,05:00:13,956.9846507879045,Best Buy,4924,purchase
816,2025-03-26,08:09:13,666.3392294474455,Best Buy,9583,refund
817,2025-03-27,19:46:48,787.8407733465418,Walmart,7932,refund
818,2025-03-28,16:33:00,516.0796525155688,Best Buy,7407,refund
819,2025-03-29,02:37:05,366.7806584634948,Target,1804,purchase
820,2025-03-30,08:09:23,371.84176366496683,Amazon,6769,refund
821,2025-03-31,09:28:08,274.11000319325876,Walmart,6317,purchase
822,2025-04-01,02:41:34,547.4162891792803,Amazon,6401,refund
823,2025-04-02,11:15:42,854.2828757804921,Best Buy,6588,purchase
824,2025-04-03,12:25:09,40.16309845823601,Walmart,4155,purchase
825,2025-04-04,14:53:50,751.5466797998959,Best Buy,8625,refund
826,2025-04-05,01:56:51,783.9801273421886,Amazon,6648,refund
827,2025-04-06,15:41:27,395.32928568981964,Best Buy,2853,purchase
828,2025-04-07,11:16:45,744.050504294864,Walmart,6746,purchase
829,2025-04-08,16:04:12,389.897787731878,Best Buy,4097,refund
830,2025-04-09,05:25:21,316.0718169289224,Walmart,5218,refund
831,2025-04-10,04:29:11,236.2469934219598,Walmart,9912,purchase
832,2025-04-11,09:29:36,803.9878921294991,Walmart,6009,refund
833,2025-04-12,06:04:31,30.0517689479106,Target,9232,refund
834,2025-04-13,07:30:34,239.8586169647632,Best Buy,8484,purchase
835,2025-04-14,14:59:37,302.0592167565826,Best Buy,5593,refund
836,2025-04-15,21:59:53,608.0231296974749,Amazon,6861,refund
837,2025-04-16,13:08:40,426.3917297468099,Walmart,1425,purchase
838,2025-04-17,14:04:39,663.3984739794894,Walmart,2446,purchase
839,2025-04-18,16:37:35,143.91836316646237,Amazon,4276,refund
840,2025-04-19,23:07:21,344.11034983139626,Best Buy,2222,refund
841,2025-04-20,16:28:01,529.7809020628118,Best Buy,9559,purchase
842,2025-04-21,10:12:00,622.9429553960069,Best Buy,9229,refund
843,2025-04-22,23:04:14,270.3310920909112,Walmart,6478,purchase
844,2025-04-23,14:37:57,261.90895424041184,Walmart,7027,refund
845,2025-04-24,00:49:23,47.337599772902095,Amazon,8997,purchase
846,2025-04-25,13:01:10,822.8877823161866,Target,4450,purchase
847,2025-04-26,16:53:01,28.91835390218958,Target,2458,purchase
848,2025-04-27,11:20:43,361.2741124869498,Walmart,5729,purchase
849,2025-04-28,04:14:25,180.72646415950163,Best Buy,4593,purchase
850,2025-04-29,06:47:35,502.2658896157085,Best Buy,7569,purchase
851,2025-04-30,07:25:43,980.6682858367341,Target,7170,purchase
852,2025-05-01,19:25:14,421.56434976826097,Best Buy,1630,refund
853,2025-05-02,06:58:56,586.0425063012652,Target,1810,refund
854,2025-05-03,21:23:19,591.5797592355967,Walmart,2803,refund
855,2025-05-04,12:34:55,57.9418474678925,Walmart,8111,purchase
856,2025-05-05,23:31:02,721.416533704742,Best Buy,2184,refund
857,2025-05-06,19:26:28,776.6446317941997,Best Buy,2878,refund
858,2025-05-07,20:04:39,734.0288995796129,Target,3080,purchase
859,2025-05-08,19:46:06,147.59609565647906,Best Buy,7594,purchase
860,2025-05-09,14:21:54,454.42634335703616,Walmart,2199,purchase
861,2025-05-10,12:18:16,397.76249566020147,Best Buy,2011,refund
862,2025-05-11,07:28:05,386.3739134571381,Best Buy,6774,refund
863,2025-05-12,20:10:14,69.22447351468418,Best Buy,3858,refund
864,2025-05-13,02:26:44,790.51440863666,Walmart,2316,refund
865,2025-05-14,05:35:32,5.924197535520521,Best Buy,9320,purchase
866,2025-05-15,13:54:13,164.1003933780796,Target,6016,purchase
867,2025-05-16,12:25:07,697.1305038045444,Amazon,7438,refund
868,2025-05-17,06:16:56,228.20395045922098,Target,8991,purchase
869,2025-05-18,22:44:01,847.1703267918911,Target,5733,refund
870,2025-05-19,10:43:27,602.0240375983101,Target,2295,refund
871,2025-05-20,06:21:38,753.5073945403849,Walmart,1026,refund
872,2025-05-21,02:38:01,226.58304175154436,Target,6904,refund
873,2025-05-22,11:07:48,751.6296212829601,Best Buy,1941,purchase
874,2025-05-23,17:53:53,836.2170848115803,Walmart,8841,refund
875,2025-05-24,23:36:56,542.4753370547231,Amazon,5342,refund
876,2025-05-25,20:55:58,28.373337099409145,Target,3918,refund
877,2025-05-26,14:45:23,330.64291495252024,Amazon,5167,refund
878,2025-05-27,05:34:05,591.5512801022572,Best Buy,2496,refund
879,2025-05-28,00:21:31,938.1553084084419,Best Buy,9714,refund
880,2025-05-29,16:02:21,218.28663957392408,Target,1563,purchase
881,2025-05-30,09:48:20,44.67196451469425,Best Buy,9034,refund
882,2025-05-31,09:41:37,596.3897209065811,Best Buy,2280,purchase
883,2025-06-01,07:09:14,541.4680046269634,Best Buy,7214,purchase
884,2025-06-02,03:23:50,407.08697736016273,Walmart,3790,refund
885,2025-06-03,14:07:43,953.6096625874721,Amazon,4565,refund
886,2025-06-04,08:25:06,85.20386789004532,Target,3045,refund
887,2025-06-05,17:29:57,951.1511484543055,Amazon,6737,purchase
888,2025-06-06,03:23:00,35.954348398075446,Walmart,6645,refund
889,2025-06-07,01:36:42,539.405460316427,Best Buy,5077,refund
890,2025-06-08,02:14:18,945.6904311132073,Best Buy,4513,refund
891,2025-06-09,04:52:33,462.2921643110372,Walmart,7140,purchase
892,2025-06-10,05:40:41,111.13731943489508,Best Buy,3574,refund
893,2025-06-11,10:56:21,968.7193812068865,Target,8303,purchase
894,2025-06-12,22:38:28,452.13770506467534,Target,5169,refund
895,2025-06-13,01:10:07,815.7953626001673,Amazon,3609,refund
896,2025-06-14,19:56:17,681.8965221235882,Walmart,3564,refund
897,2025-06-15,05:11:10,406.3830517808676,Walmart,9080,purchase
898,2025-06-16,22:42:56,982.4258482228502,Target,3920,purchase
899,2025-06-17,11:05:05,657.4839647063731,Best Buy,4330,refund
900,2025-06-18,12:56:57,757.7133718191594,Walmart,3592,refund
901,2025-06-19,19:43:27,22.647261954979324,Walmart,6817,purchase
902,2025-06-20,04:08:57,609.5631158191782,Best Buy,2350,purchase
903,2025-06-21,03:22:00,945.2447774837609,Walmart,6077,purchase
904,2025-06-22,07:31:57,242.77119714805497,Best Buy,1668,refund
905,2025-06-23,18:55:34,251.04756713194456,Amazon,8835,purchase
906,2025-06-24,10:15:15,850.3449807562828,Amazon,5868,refund
907,2025-06-25,15:00:19,945.3745901547674,Best Buy,9159,refund
908,2025-06-26,12:38:06,371.9234752935638,Amazon,6337,purchase
909,2025-06-27,02:10:02,676.0794520049411,Best Buy,6854,refund
910,2025-06-28,15:11:25,915.731363709129,Best Buy,7475,purchase
911,2025-06-29,08:10:42,96.02831327645985,Walmart,3762,purchase
912,2025-06-30,18:23:01,485.45707262692605,Best Buy,6314,purchase
913,2025-07-01,01:07:19,781.0077329506668,Best Buy,6451,purchase
914,2025-07-02,02:40:35,648.8483968649142,Best Buy,7732,purchase
915,2025-07-03,06:18:28,127.38557648478714,Best Buy,4540,purchase
916,2025-07-04,06:04:23,860.166542845782,Best Buy,2673,purchase
917,2025-07-05,12:08:19,618.4550315987115,Target,3810,refund
918,2025-07-06,21:25:58,950.7094402634074,Target,3083,refund
919,2025-07-07,18:24:57,602.2007721302826,Target,9838,refund
920,2025-07-08,20:44:35,814.770537174431,Amazon,9702,refund
921,2025-07-09,05:39:41,987.3959519423579,Walmart,6403,refund
922,2025-07-10,09:16:33,787.664157005095,Amazon,5784,refund
923,2025-07-11,16:37:23,491.88869018652997,Amazon,4289,refund
924,2025-07-12,21:34:50,588.8840370347252,Target,6733,refund
925,2025-07-13,10:02:31,573.6735008374432,Target,2562,refund
926,2025-07-14,18:05:12,50.40720253308554,Walmart,2061,refund
927,2025-07-15,00:42:35,385.9062674861737,Best Buy,4666,refund
928,2025-07-16,22:32:28,422.853876729697,Amazon,3125,refund
929,2025-07-17,14:55:52,130.50196113315454,Walmart,7383,purchase
930,2025-07-18,16:48:53,42.26504055219232,Best Buy,8929,purchase
931,2025-07-19,04:05:07,5.742756820566014,Amazon,7272,purchase
932,2025-07-20,08:56:54,357.4482761305234,Walmart,1166,refund
933,2025-07-21,19:40:41,243.28948423671332,Amazon,4902,refund
934,2025-07-22,03:39:55,555.8300983397096,Walmart,2539,refund
935,2025-07-23,20:21:38,924.0107467897109,Amazon,2157,refund
936,2025-07-24,17:03:21,40.00821270284209,Best Buy,3897,purchase
937,2025-07-25,10:01:16,435.8308931882944,Amazon,8932,purchase
938,2025-07-26,09:29:43,667.9780779772585,Target,1715,purchase
939,2025-07-27,14:09:33,85.12328929269343,Amazon,1576,purchase
940,2025-07-28,21:19:05,612.3577926557272,Best Buy,8797,refund
941,2025-07-29,02:00:28,369.7298412771412,Target,6414,refund
942,2025-07-30,16:40:27,765.5050871932727,Best Buy,1108,refund
943,2025-07-31,15:57:27,248.3674697835752,Best Buy,6289,purchase
944,2025-08-01,12:59:43,124.37173012852104,Walmart,6649,purchase
945,2025-08-02,03:57:06,107.93554883311167,Best Buy,5486,refund
946,2025-08-03,21:31:33,495.269948696684,Best Buy,9143,refund
947,2025-08-04,03:46:36,562.5032521693004,Best Buy,5918,refund
948,2025-08-05,22:52:48,219.56452652142667,Target,6413,refund
949,2025-08-06,21:32:08,551.2484874489917,Amazon,4620,purchase
950,2025-08-07,08:24:41,718.1348145523108,Target,1135,refund
951,2025-08-08,13:20:08,250.55315384928358,Best Buy,8725,purchase
952,2025-08-09,06:48:50,11.154777764660418,Best Buy,2535,purchase
953,2025-08-10,00:57:47,831.2355151440006,Best Buy,9075,refund
954,2025-08-11,02:58:36,843.8344925047733,Target,7788,refund
955,2025-08-12,06:21:41,378.302936267601,Best Buy,5988,purchase
956,2025-08-13,16:44:01,938.3055249339754,Walmart,5904,refund
957,2025-08-14,08:05:11,826.9698043233655,Target,4902,refund
958,2025-08-15,19:03:43,318.05637403242434,Walmart,2698,purchase
959,2025-08-16,00:02:11,598.5943279467974,Walmart,2016,purchase
960,2025-08-17,17:22:50,404.7174326794784,Target,6532,refund
961,2025-08-18,16:37:44,117.7502813911874,Best Buy,6092,refund
962,2025-08-19,21:32:05,413.06900683000777,Amazon,8957,purchase
963,2025-08-20,00:26:54,843.8146865145061,Best Buy,7194,refund
964,2025-08-21,09:54:55,523.5857451762067,Walmart,5496,purchase
965,2025-08-22,10:28:28,608.7932337019216,Target,5362,refund
966,2025-08-23,18:33:47,360.51414945519593,Walmart,9352,refund
967,2025-08-24,23:08:23,176.62721614719396,Target,7250,refund
968,2025-08-25,16:10:02,570.4690017558154,Best Buy,6851,refund
969,2025-08-26,01:20:45,552.2259956929515,Best Buy,4834,purchase
970,2025-08-27,06:05:22,956.1735123176999,Target,1985,purchase
971,2025-08-28,14:30:22,10.349216939176523,Best Buy,9660,purchase
972,2025-08-29,21:11:44,898.2566641629095,Best Buy,3765,refund
973,2025-08-30,18:55:29,925.9212234917522,Amazon,8428,purchase
974,2025-08-31,15:41:32,241.3832166014227,Target,2584,purchase
975,2025-09-01,11:36:08,46.63140495511877,Walmart,2998,purchase
976,2025-09-02,07:29:12,849.0109233414515,Best Buy,9897,refund
977,2025-09-03,18:31:06,169.80707835833257,Walmart,1615,refund
978,2025-09-04,09:16:03,397.4872913761132,Amazon,7955,purchase
979,2025-09-05,19:33:06,453.7450292569943,Best Buy,1228,refund
980,2025-09-06,19:44:31,325.67393134924447,Walmart,2505,refund
981,2025-09-07,11:33:42,427.10100531536955,Amazon,6324,purchase
982,2025-09-08,06:33:36,311.93555134555925,Target,2552,purchase
983,2025-09-09,17:59:59,525.6980876779925,Target,6177,purchase
984,2025-09-10,15:57:07,40.97705746376841,Target,4589,refund
985,2025-09-11,12:10:27,591.3781152561585,Amazon,4041,refund
986,2025-09-12,18:03:37,153.7341226739292,Best Buy,8903,refund
987,2025-09-13,12:20:28,976.4261975186058,Walmart,8176,refund
988,2025-09-14,01:25:30,645.963068550466,Walmart,3358,purchase
989,2025-09-15,15:12:52,8.911602390815094,Target,3527,purchase
990,2025-09-16,11:36:48,40.03014198813271,Walmart,8938,purchase
991,2025-09-17,18:41:07,270.4614617740629,Amazon,5586,purchase
992,2025-09-18,14:01:52,764.1724551269265,Best Buy,3203,purchase
993,2025-09-19,11:41:53,93.17208323026989,Best Buy,2744,purchase
994,2025-09-20,07:20:18,662.4053459841828,Amazon,9279,purchase
995,2025-09-21,22:25:36,552.0240194837181,Best Buy,4906,purchase
996,2025-09-22,22:51:23,437.0958552748476,Amazon,8909,refund
997,2025-09-23,01:16:02,178.15981473450958,Amazon,9237,purchase
998,2025-09-24,02:28:09,33.686686962015166,Walmart,2684,purchase
999,2025-09-25,23:43:18,512.8574618451566,Amazon,9839,refund
1000,2025-09-26,11:18:39,515.094700371637,Walmart,5569,refund
